0C5D5650-9B9F-456F-8175-6E42C842E677#appfire#UserAccessLevelService#appfire#com.app.server.service.UserAccessLevelService#appfire#{"resourceMapping":"/UserAccessLevel","defaultMethodType":"","defaultContentType":""}#appfire#{"repository":{"fileName":"UserAccessLevelService.java","filePath":"salesdemoapp/src/main/java/com/app/server/service/UserAccessLevelService.java"},"implementInterface":[],"extendsClass":[],"repositories":[{"repository":{"fileName":"UserAccessLevelRepositoryImpl.java","filePath":"salesdemoapp/src/main/java/com/app/server/repository/UserAccessLevelRepositoryImpl.java"},"implementInterface":[{"fileName":"UserAccessLevelRepository.java","filePath":"salesdemoapp/src/main/java/com/app/server/repository/UserAccessLevelRepository.java"}],"extendsClass":[{"fileName":"SearchInterfaceImpl.java","filePath":"salesdemoapp/src/main/java/com/app/server/repository/SearchInterfaceImpl.java","isDisplay":false}],"entities":{"fileName":"UserAccessLevel.java","filePath":"salesdemoapp/src/main/java/com/app/shared/authentication/UserAccessLevel.java"}}]}#appfire#I#appfire#SELRWFCB5UHGGEPHHAYZA#appfire#ba9dced8-453e-49a3-b627-d497a1f91b17#appfire#1#appfire#\N#appfire#2016-01-06 06:21:48#appfire#\N#appfire#2016-01-06 06:21:48#appfire#1#appfire#1#appfire#FE40636E-AF0C-4E2E-905B-9948C572D604
0D26943A-855B-4EE4-89EC-E648A18E57DD#appfire#AppCustomerTypeService#appfire#com.app.server.service.AppCustomerTypeService#appfire#{"resourceMapping":"/AppCustomerType","defaultMethodType":"","defaultContentType":""}#appfire#{"repository":{"fileName":"AppCustomerTypeService.java","filePath":"salesdemoapp/src/main/java/com/app/server/service/AppCustomerTypeService.java"},"implementInterface":[],"extendsClass":[],"repositories":[{"repository":{"fileName":"AppCustomerTypeRepositoryImpl.java","filePath":"salesdemoapp/src/main/java/com/app/server/repository/AppCustomerTypeRepositoryImpl.java"},"implementInterface":[{"fileName":"AppCustomerTypeRepository.java","filePath":"salesdemoapp/src/main/java/com/app/server/repository/AppCustomerTypeRepository.java"}],"extendsClass":[{"fileName":"SearchInterfaceImpl.java","filePath":"salesdemoapp/src/main/java/com/app/server/repository/SearchInterfaceImpl.java","isDisplay":false}],"entities":{"fileName":"AppCustomerType.java","filePath":"salesdemoapp/src/main/java/com/app/shared/customers/AppCustomerType.java"}}]}#appfire#I#appfire#SELRWFCB5UHGGEPHHAYZA#appfire#ba9dced8-453e-49a3-b627-d497a1f91b17#appfire#1#appfire#\N#appfire#2016-01-06 06:21:53#appfire#\N#appfire#2016-01-06 06:21:53#appfire#1#appfire#1#appfire#412068F6-9998-4732-8F10-F07D602FCE46
139934DB-F513-4108-9D24-B93A6C121E45#appfire#TimezoneService#appfire#com.app.server.service.TimezoneService#appfire#{"resourceMapping":"/Timezone","defaultMethodType":"","defaultContentType":""}#appfire#{"repository":{"fileName":"TimezoneService.java","filePath":"salesdemoapp/src/main/java/com/app/server/service/TimezoneService.java"},"implementInterface":[],"extendsClass":[],"repositories":[{"repository":{"fileName":"TimezoneRepositoryImpl.java","filePath":"salesdemoapp/src/main/java/com/app/server/repository/TimezoneRepositoryImpl.java"},"implementInterface":[{"fileName":"TimezoneRepository.java","filePath":"salesdemoapp/src/main/java/com/app/server/repository/TimezoneRepository.java"}],"extendsClass":[{"fileName":"SearchInterfaceImpl.java","filePath":"salesdemoapp/src/main/java/com/app/server/repository/SearchInterfaceImpl.java","isDisplay":false}],"entities":{"fileName":"Timezone.java","filePath":"salesdemoapp/src/main/java/com/app/shared/location/Timezone.java"}}]}#appfire#I#appfire#SELRWFCB5UHGGEPHHAYZA#appfire#ba9dced8-453e-49a3-b627-d497a1f91b17#appfire#1#appfire#\N#appfire#2016-01-06 06:21:34#appfire#\N#appfire#2016-01-06 06:21:34#appfire#1#appfire#1#appfire#E5B10B26-6DC6-4143-A760-F412B390213C
15594361-C6BC-4F74-95C7-7D683B66CAA5#appfire#PasswordAlgoService#appfire#com.app.server.service.PasswordAlgoService#appfire#{"resourceMapping":"/PasswordAlgo","defaultMethodType":"","defaultContentType":""}#appfire#{"repository":{"fileName":"PasswordAlgoService.java","filePath":"salesdemoapp/src/main/java/com/app/server/service/PasswordAlgoService.java"},"implementInterface":[],"extendsClass":[],"repositories":[{"repository":{"fileName":"PasswordAlgoRepositoryImpl.java","filePath":"salesdemoapp/src/main/java/com/app/server/repository/PasswordAlgoRepositoryImpl.java"},"implementInterface":[{"fileName":"PasswordAlgoRepository.java","filePath":"salesdemoapp/src/main/java/com/app/server/repository/PasswordAlgoRepository.java"}],"extendsClass":[{"fileName":"SearchInterfaceImpl.java","filePath":"salesdemoapp/src/main/java/com/app/server/repository/SearchInterfaceImpl.java","isDisplay":false}],"entities":{"fileName":"PasswordAlgo.java","filePath":"salesdemoapp/src/main/java/com/app/shared/authentication/PasswordAlgo.java"}}]}#appfire#I#appfire#SELRWFCB5UHGGEPHHAYZA#appfire#ba9dced8-453e-49a3-b627-d497a1f91b17#appfire#1#appfire#\N#appfire#2016-01-06 06:21:46#appfire#\N#appfire#2016-01-06 06:21:46#appfire#1#appfire#1#appfire#9BECFD75-0B09-43DB-AC8D-42BBAF9245D0
1B3381EE-6A13-4C9C-B5DF-BB3986C38939#appfire#LanguageService#appfire#com.app.server.service.LanguageService#appfire#{"resourceMapping":"/Language","defaultMethodType":"","defaultContentType":""}#appfire#{"repository":{"fileName":"LanguageService.java","filePath":"salesdemoapp/src/main/java/com/app/server/service/LanguageService.java"},"implementInterface":[],"extendsClass":[],"repositories":[{"repository":{"fileName":"LanguageRepositoryImpl.java","filePath":"salesdemoapp/src/main/java/com/app/server/repository/LanguageRepositoryImpl.java"},"implementInterface":[{"fileName":"LanguageRepository.java","filePath":"salesdemoapp/src/main/java/com/app/server/repository/LanguageRepository.java"}],"extendsClass":[{"fileName":"SearchInterfaceImpl.java","filePath":"salesdemoapp/src/main/java/com/app/server/repository/SearchInterfaceImpl.java","isDisplay":false}],"entities":{"fileName":"Language.java","filePath":"salesdemoapp/src/main/java/com/app/shared/location/Language.java"}}]}#appfire#I#appfire#SELRWFCB5UHGGEPHHAYZA#appfire#ba9dced8-453e-49a3-b627-d497a1f91b17#appfire#1#appfire#\N#appfire#2016-01-06 06:21:34#appfire#\N#appfire#2016-01-06 06:21:34#appfire#1#appfire#1#appfire#A114A615-B17E-4A69-9BDE-0510410BF59B
1C10E1D2-B5BB-49D4-B44E-881280B262A1#appfire#CommunicationGroupService#appfire#com.app.server.service.CommunicationGroupService#appfire#{"resourceMapping":"/CommunicationGroup","defaultMethodType":"","defaultContentType":""}#appfire#{"repository":{"fileName":"CommunicationGroupService.java","filePath":"salesdemoapp/src/main/java/com/app/server/service/CommunicationGroupService.java"},"implementInterface":[],"extendsClass":[],"repositories":[{"repository":{"fileName":"CommunicationGroupRepositoryImpl.java","filePath":"salesdemoapp/src/main/java/com/app/server/repository/CommunicationGroupRepositoryImpl.java"},"implementInterface":[{"fileName":"CommunicationGroupRepository.java","filePath":"salesdemoapp/src/main/java/com/app/server/repository/CommunicationGroupRepository.java"}],"extendsClass":[{"fileName":"SearchInterfaceImpl.java","filePath":"salesdemoapp/src/main/java/com/app/server/repository/SearchInterfaceImpl.java","isDisplay":false}],"entities":{"fileName":"CommunicationGroup.java","filePath":"salesdemoapp/src/main/java/com/app/shared/contacts/CommunicationGroup.java"}}]}#appfire#I#appfire#SELRWFCB5UHGGEPHHAYZA#appfire#ba9dced8-453e-49a3-b627-d497a1f91b17#appfire#1#appfire#\N#appfire#2016-01-06 06:21:43#appfire#\N#appfire#2016-01-06 06:21:43#appfire#1#appfire#1#appfire#3369695D-9C0D-48C9-B8A5-1EEB464314B1
1D7701FD-16C0-48A5-BDC1-EA304B675C0A#appfire#ContactTypeService#appfire#com.app.server.service.ContactTypeService#appfire#{"resourceMapping":"/ContactType","defaultMethodType":"","defaultContentType":""}#appfire#{"repository":{"fileName":"ContactTypeService.java","filePath":"salesdemoapp/src/main/java/com/app/server/service/ContactTypeService.java"},"implementInterface":[],"extendsClass":[],"repositories":[{"repository":{"fileName":"ContactTypeRepositoryImpl.java","filePath":"salesdemoapp/src/main/java/com/app/server/repository/ContactTypeRepositoryImpl.java"},"implementInterface":[{"fileName":"ContactTypeRepository.java","filePath":"salesdemoapp/src/main/java/com/app/server/repository/ContactTypeRepository.java"}],"extendsClass":[{"fileName":"SearchInterfaceImpl.java","filePath":"salesdemoapp/src/main/java/com/app/server/repository/SearchInterfaceImpl.java","isDisplay":false}],"entities":{"fileName":"ContactType.java","filePath":"salesdemoapp/src/main/java/com/app/shared/contacts/ContactType.java"}}]}#appfire#I#appfire#SELRWFCB5UHGGEPHHAYZA#appfire#ba9dced8-453e-49a3-b627-d497a1f91b17#appfire#1#appfire#\N#appfire#2016-01-06 06:21:42#appfire#\N#appfire#2016-01-06 06:21:42#appfire#1#appfire#1#appfire#3124AA7A-3D12-4E20-AA53-C5CA7F0DAB50
1FF8DF71-22A4-4E3B-ADC2-FDDEBF52600A#appfire#CategoryService#appfire#com.app.server.service.CategoryService#appfire#{"resourceMapping":"/Category","defaultMethodType":"","defaultContentType":""}#appfire#{"repository":{"fileName":"CategoryService.java","filePath":"salesdemoapp/src/main/java/com/app/server/service/CategoryService.java"},"implementInterface":[],"extendsClass":[],"repositories":[{"repository":{"fileName":"CategoryRepositoryImpl.java","filePath":"salesdemoapp/src/main/java/com/app/server/repository/CategoryRepositoryImpl.java"},"implementInterface":[{"fileName":"CategoryRepository.java","filePath":"salesdemoapp/src/main/java/com/app/server/repository/CategoryRepository.java"}],"extendsClass":[{"fileName":"SearchInterfaceImpl.java","filePath":"salesdemoapp/src/main/java/com/app/server/repository/SearchInterfaceImpl.java","isDisplay":false}],"entities":{"fileName":"Category.java","filePath":"salesdemoapp/src/main/java/com/app/shared/sales/Category.java"}}]}#appfire#I#appfire#SELRWFCB5UHGGEPHHAYZA#appfire#ba9dced8-453e-49a3-b627-d497a1f91b17#appfire#1#appfire#\N#appfire#2016-01-06 06:21:55#appfire#\N#appfire#2016-01-07 06:11:45#appfire#5#appfire#1#appfire#BC8445E8-1B5C-4B9A-813A-74F1E343D7B9
26AD40F1-DC74-4763-8A23-03070E11EA94#appfire#BrandService#appfire#com.app.server.service.BrandService#appfire#{"resourceMapping":"/Brand","defaultMethodType":"","defaultContentType":""}#appfire#{"repository":{"fileName":"BrandService.java","filePath":"salesdemoapp/src/main/java/com/app/server/service/BrandService.java"},"implementInterface":[],"extendsClass":[],"repositories":[{"repository":{"fileName":"BrandRepositoryImpl.java","filePath":"salesdemoapp/src/main/java/com/app/server/repository/BrandRepositoryImpl.java"},"implementInterface":[{"fileName":"BrandRepository.java","filePath":"salesdemoapp/src/main/java/com/app/server/repository/BrandRepository.java"}],"extendsClass":[{"fileName":"SearchInterfaceImpl.java","filePath":"salesdemoapp/src/main/java/com/app/server/repository/SearchInterfaceImpl.java","isDisplay":false}],"entities":{"fileName":"Brand.java","filePath":"salesdemoapp/src/main/java/com/app/shared/sales/Brand.java"}}]}#appfire#I#appfire#SELRWFCB5UHGGEPHHAYZA#appfire#ba9dced8-453e-49a3-b627-d497a1f91b17#appfire#1#appfire#\N#appfire#2016-01-06 06:21:56#appfire#\N#appfire#2016-01-07 06:11:46#appfire#5#appfire#1#appfire#A7A2C74A-6F55-46FE-B0E3-F0EAF4153DDA
2D14438A-4E1B-41CA-BF7F-73B1C5BBD27C#appfire#CurrentMonthService#appfire#com.app.server.service.CurrentMonthService#appfire#{"resourceMapping":"/CurrentMonth","defaultMethodType":"","defaultContentType":""}#appfire#{"repository":{"fileName":"CurrentMonthService.java","filePath":"salesdemoapp/src/main/java/com/app/server/service/CurrentMonthService.java"},"implementInterface":[],"extendsClass":[],"repositories":[{"repository":{"fileName":"CurrentMonthRepositoryImpl.java","filePath":"salesdemoapp/src/main/java/com/app/server/repository/CurrentMonthRepositoryImpl.java"},"implementInterface":[{"fileName":"CurrentMonthRepository.java","filePath":"salesdemoapp/src/main/java/com/app/server/repository/CurrentMonthRepository.java"}],"extendsClass":[{"fileName":"SearchInterfaceImpl.java","filePath":"salesdemoapp/src/main/java/com/app/server/repository/SearchInterfaceImpl.java","isDisplay":false}],"entities":{"fileName":"CurrentMonth.java","filePath":"salesdemoapp/src/main/java/com/app/shared/sales/CurrentMonth.java"}}]}#appfire#I#appfire#SELRWFCB5UHGGEPHHAYZA#appfire#ba9dced8-453e-49a3-b627-d497a1f91b17#appfire#1#appfire#\N#appfire#2016-01-06 06:21:59#appfire#\N#appfire#2016-01-07 06:11:50#appfire#5#appfire#1#appfire#F49FE078-E1B3-44A9-BA6B-656DEC947129
307CD89B-8FF3-492C-A02E-EE883C5744BA#appfire#TalukaService#appfire#com.app.server.service.TalukaService#appfire#{"resourceMapping":"/Taluka","defaultMethodType":"","defaultContentType":""}#appfire#{"repository":{"fileName":"TalukaService.java","filePath":"salesdemoapp/src/main/java/com/app/server/service/TalukaService.java"},"implementInterface":[],"extendsClass":[],"repositories":[{"repository":{"fileName":"TalukaRepositoryImpl.java","filePath":"salesdemoapp/src/main/java/com/app/server/repository/TalukaRepositoryImpl.java"},"implementInterface":[{"fileName":"TalukaRepository.java","filePath":"salesdemoapp/src/main/java/com/app/server/repository/TalukaRepository.java"}],"extendsClass":[{"fileName":"SearchInterfaceImpl.java","filePath":"salesdemoapp/src/main/java/com/app/server/repository/SearchInterfaceImpl.java","isDisplay":false}],"entities":{"fileName":"Taluka.java","filePath":"salesdemoapp/src/main/java/com/app/shared/location/Taluka.java"}}]}#appfire#I#appfire#SELRWFCB5UHGGEPHHAYZA#appfire#ba9dced8-453e-49a3-b627-d497a1f91b17#appfire#1#appfire#\N#appfire#2016-01-06 06:21:39#appfire#\N#appfire#2016-01-06 06:21:39#appfire#1#appfire#1#appfire#18ADD43D-5241-438A-B0FA-4758EBCC2697
3CE7E608-03F1-4D7E-BCCE-CD34A08AA989#appfire#UserAccessService#appfire#com.app.server.service.UserAccessService#appfire#{"resourceMapping":"/UserAccess","defaultMethodType":"","defaultContentType":""}#appfire#{"repository":{"fileName":"UserAccessService.java","filePath":"salesdemoapp/src/main/java/com/app/server/service/UserAccessService.java"},"implementInterface":[],"extendsClass":[],"repositories":[{"repository":{"fileName":"UserAccessRepositoryImpl.java","filePath":"salesdemoapp/src/main/java/com/app/server/repository/UserAccessRepositoryImpl.java"},"implementInterface":[{"fileName":"UserAccessRepository.java","filePath":"salesdemoapp/src/main/java/com/app/server/repository/UserAccessRepository.java"}],"extendsClass":[{"fileName":"SearchInterfaceImpl.java","filePath":"salesdemoapp/src/main/java/com/app/server/repository/SearchInterfaceImpl.java","isDisplay":false}],"entities":{"fileName":"UserAccess.java","filePath":"salesdemoapp/src/main/java/com/app/shared/sales/UserAccess.java"}}]}#appfire#I#appfire#SELRWFCB5UHGGEPHHAYZA#appfire#ba9dced8-453e-49a3-b627-d497a1f91b17#appfire#1#appfire#\N#appfire#2016-01-06 06:22:00#appfire#\N#appfire#2016-01-06 06:22:00#appfire#1#appfire#1#appfire#C1E3AAA9-7D54-4968-9701-CBE726DDAA97
5A12C23A-47B9-428A-B697-938EA4A98081#appfire#VillageService#appfire#com.app.server.service.VillageService#appfire#{"resourceMapping":"/Village","defaultMethodType":"","defaultContentType":""}#appfire#{"repository":{"fileName":"VillageService.java","filePath":"salesdemoapp/src/main/java/com/app/server/service/VillageService.java"},"implementInterface":[],"extendsClass":[],"repositories":[{"repository":{"fileName":"VillageRepositoryImpl.java","filePath":"salesdemoapp/src/main/java/com/app/server/repository/VillageRepositoryImpl.java"},"implementInterface":[{"fileName":"VillageRepository.java","filePath":"salesdemoapp/src/main/java/com/app/server/repository/VillageRepository.java"}],"extendsClass":[{"fileName":"SearchInterfaceImpl.java","filePath":"salesdemoapp/src/main/java/com/app/server/repository/SearchInterfaceImpl.java","isDisplay":false}],"entities":{"fileName":"Village.java","filePath":"salesdemoapp/src/main/java/com/app/shared/location/Village.java"}}]}#appfire#I#appfire#SELRWFCB5UHGGEPHHAYZA#appfire#ba9dced8-453e-49a3-b627-d497a1f91b17#appfire#1#appfire#\N#appfire#2016-01-06 06:21:39#appfire#\N#appfire#2016-01-06 06:21:39#appfire#1#appfire#1#appfire#A3154CBD-882E-4768-9D28-46E59648A172
65C0E59A-5958-45CC-BBE2-90E61F2035EA#appfire#QuestionService#appfire#com.app.server.service.QuestionService#appfire#{"resourceMapping":"/Question","defaultMethodType":"","defaultContentType":""}#appfire#{"repository":{"fileName":"QuestionService.java","filePath":"salesdemoapp/src/main/java/com/app/server/service/QuestionService.java"},"implementInterface":[],"extendsClass":[],"repositories":[{"repository":{"fileName":"QuestionRepositoryImpl.java","filePath":"salesdemoapp/src/main/java/com/app/server/repository/QuestionRepositoryImpl.java"},"implementInterface":[{"fileName":"QuestionRepository.java","filePath":"salesdemoapp/src/main/java/com/app/server/repository/QuestionRepository.java"}],"extendsClass":[{"fileName":"SearchInterfaceImpl.java","filePath":"salesdemoapp/src/main/java/com/app/server/repository/SearchInterfaceImpl.java","isDisplay":false}],"entities":{"fileName":"Question.java","filePath":"salesdemoapp/src/main/java/com/app/shared/authentication/Question.java"}}]}#appfire#I#appfire#SELRWFCB5UHGGEPHHAYZA#appfire#ba9dced8-453e-49a3-b627-d497a1f91b17#appfire#1#appfire#\N#appfire#2016-01-06 06:21:47#appfire#\N#appfire#2016-01-06 06:21:47#appfire#1#appfire#1#appfire#58E0C395-C1DB-4C6E-9382-A301667A6C0D
7A928272-4179-4DBA-ACDE-8FF51E6CC1FD#appfire#UserRoleBridgeService#appfire#com.app.server.service.UserRoleBridgeService#appfire#{"resourceMapping":"/UserRoleBridge","defaultMethodType":"","defaultContentType":""}#appfire#{"repository":{"fileName":"UserRoleBridgeService.java","filePath":"salesdemoapp/src/main/java/com/app/server/service/UserRoleBridgeService.java"},"implementInterface":[],"extendsClass":[],"repositories":[{"repository":{"fileName":"UserRoleBridgeRepositoryImpl.java","filePath":"salesdemoapp/src/main/java/com/app/server/repository/UserRoleBridgeRepositoryImpl.java"},"implementInterface":[{"fileName":"UserRoleBridgeRepository.java","filePath":"salesdemoapp/src/main/java/com/app/server/repository/UserRoleBridgeRepository.java"}],"extendsClass":[{"fileName":"SearchInterfaceImpl.java","filePath":"salesdemoapp/src/main/java/com/app/server/repository/SearchInterfaceImpl.java","isDisplay":false}],"entities":{"fileName":"UserRoleBridge.java","filePath":"salesdemoapp/src/main/java/com/app/shared/authorization/UserRoleBridge.java"}}]}#appfire#I#appfire#SELRWFCB5UHGGEPHHAYZA#appfire#ba9dced8-453e-49a3-b627-d497a1f91b17#appfire#1#appfire#\N#appfire#2016-01-06 06:21:53#appfire#\N#appfire#2016-01-06 06:21:53#appfire#1#appfire#1#appfire#0560F13B-374F-4AA5-9DE3-DE7C19A21080
820A593B-D0A6-4D36-8030-43CD2186AB03#appfire#GenderService#appfire#com.app.server.service.GenderService#appfire#{"resourceMapping":"/Gender","defaultMethodType":"","defaultContentType":""}#appfire#{"repository":{"fileName":"GenderService.java","filePath":"salesdemoapp/src/main/java/com/app/server/service/GenderService.java"},"implementInterface":[],"extendsClass":[],"repositories":[{"repository":{"fileName":"GenderRepositoryImpl.java","filePath":"salesdemoapp/src/main/java/com/app/server/repository/GenderRepositoryImpl.java"},"implementInterface":[{"fileName":"GenderRepository.java","filePath":"salesdemoapp/src/main/java/com/app/server/repository/GenderRepository.java"}],"extendsClass":[{"fileName":"SearchInterfaceImpl.java","filePath":"salesdemoapp/src/main/java/com/app/server/repository/SearchInterfaceImpl.java","isDisplay":false}],"entities":{"fileName":"Gender.java","filePath":"salesdemoapp/src/main/java/com/app/shared/contacts/Gender.java"}}]}#appfire#I#appfire#SELRWFCB5UHGGEPHHAYZA#appfire#ba9dced8-453e-49a3-b627-d497a1f91b17#appfire#1#appfire#\N#appfire#2016-01-06 06:21:44#appfire#\N#appfire#2016-01-06 06:21:44#appfire#1#appfire#1#appfire#8EDD3378-20C8-41EC-A719-15BBE12669A7
82978101-8FE5-47B8-8481-8A46241EF7EB#appfire#LoginService#appfire#com.app.server.service.LoginService#appfire#{"resourceMapping":"/Login","defaultMethodType":"","defaultContentType":""}#appfire#{"repository":{"fileName":"LoginService.java","filePath":"salesdemoapp/src/main/java/com/app/server/service/LoginService.java"},"implementInterface":[],"extendsClass":[],"repositories":[{"repository":{"fileName":"LoginRepositoryImpl.java","filePath":"salesdemoapp/src/main/java/com/app/server/repository/LoginRepositoryImpl.java"},"implementInterface":[{"fileName":"LoginRepository.java","filePath":"salesdemoapp/src/main/java/com/app/server/repository/LoginRepository.java"}],"extendsClass":[{"fileName":"SearchInterfaceImpl.java","filePath":"salesdemoapp/src/main/java/com/app/server/repository/SearchInterfaceImpl.java","isDisplay":false}],"entities":{"fileName":"Login.java","filePath":"salesdemoapp/src/main/java/com/app/shared/authentication/Login.java"}}]}#appfire#I#appfire#SELRWFCB5UHGGEPHHAYZA#appfire#ba9dced8-453e-49a3-b627-d497a1f91b17#appfire#1#appfire#\N#appfire#2016-01-06 06:21:49#appfire#\N#appfire#2016-01-06 06:21:49#appfire#1#appfire#1#appfire#4BEA9300-046C-4B83-8989-471DB88C9ABA
8387606B-2BD9-4220-9B69-EEB703AFC119#appfire#AddressService#appfire#com.app.server.service.AddressService#appfire#{"resourceMapping":"/Address","defaultMethodType":"","defaultContentType":""}#appfire#{"repository":{"fileName":"AddressService.java","filePath":"salesdemoapp/src/main/java/com/app/server/service/AddressService.java"},"implementInterface":[],"extendsClass":[],"repositories":[{"repository":{"fileName":"AddressRepositoryImpl.java","filePath":"salesdemoapp/src/main/java/com/app/server/repository/AddressRepositoryImpl.java"},"implementInterface":[{"fileName":"AddressRepository.java","filePath":"salesdemoapp/src/main/java/com/app/server/repository/AddressRepository.java"}],"extendsClass":[{"fileName":"SearchInterfaceImpl.java","filePath":"salesdemoapp/src/main/java/com/app/server/repository/SearchInterfaceImpl.java","isDisplay":false}],"entities":{"fileName":"Address.java","filePath":"salesdemoapp/src/main/java/com/app/shared/location/Address.java"}}]}#appfire#I#appfire#SELRWFCB5UHGGEPHHAYZA#appfire#ba9dced8-453e-49a3-b627-d497a1f91b17#appfire#1#appfire#\N#appfire#2016-01-06 06:21:41#appfire#\N#appfire#2016-01-06 06:21:41#appfire#1#appfire#1#appfire#0A92EF63-EDE4-432A-91BE-E571359FE785
86865B78-5AE0-460C-AB3E-2CD8B9F1BED0#appfire#StateService#appfire#com.app.server.service.StateService#appfire#{"resourceMapping":"/State","defaultMethodType":"","defaultContentType":""}#appfire#{"repository":{"fileName":"StateService.java","filePath":"salesdemoapp/src/main/java/com/app/server/service/StateService.java"},"implementInterface":[],"extendsClass":[],"repositories":[{"repository":{"fileName":"StateRepositoryImpl.java","filePath":"salesdemoapp/src/main/java/com/app/server/repository/StateRepositoryImpl.java"},"implementInterface":[{"fileName":"StateRepository.java","filePath":"salesdemoapp/src/main/java/com/app/server/repository/StateRepository.java"}],"extendsClass":[{"fileName":"SearchInterfaceImpl.java","filePath":"salesdemoapp/src/main/java/com/app/server/repository/SearchInterfaceImpl.java","isDisplay":false}],"entities":{"fileName":"State.java","filePath":"salesdemoapp/src/main/java/com/app/shared/location/State.java"}}]}#appfire#I#appfire#SELRWFCB5UHGGEPHHAYZA#appfire#ba9dced8-453e-49a3-b627-d497a1f91b17#appfire#1#appfire#\N#appfire#2016-01-06 06:21:36#appfire#\N#appfire#2016-01-06 06:21:36#appfire#1#appfire#1#appfire#9F4856BC-9F13-4D63-B5DA-A76679FBCC0D
8C7D12BB-ACB7-4003-8C9F-BB7FC51F60AB#appfire#MaterialService#appfire#com.app.server.service.MaterialService#appfire#{"resourceMapping":"/Material","defaultMethodType":"","defaultContentType":""}#appfire#{"repository":{"fileName":"MaterialService.java","filePath":"salesdemoapp/src/main/java/com/app/server/service/MaterialService.java"},"implementInterface":[],"extendsClass":[],"repositories":[{"repository":{"fileName":"MaterialRepositoryImpl.java","filePath":"salesdemoapp/src/main/java/com/app/server/repository/MaterialRepositoryImpl.java"},"implementInterface":[{"fileName":"MaterialRepository.java","filePath":"salesdemoapp/src/main/java/com/app/server/repository/MaterialRepository.java"}],"extendsClass":[{"fileName":"SearchInterfaceImpl.java","filePath":"salesdemoapp/src/main/java/com/app/server/repository/SearchInterfaceImpl.java","isDisplay":false}],"entities":{"fileName":"Material.java","filePath":"salesdemoapp/src/main/java/com/app/shared/sales/Material.java"}}]}#appfire#I#appfire#SELRWFCB5UHGGEPHHAYZA#appfire#ba9dced8-453e-49a3-b627-d497a1f91b17#appfire#1#appfire#\N#appfire#2016-01-06 06:21:56#appfire#\N#appfire#2016-01-07 06:11:46#appfire#5#appfire#1#appfire#518F0EA6-0C4F-4938-AEE2-1A477E854BB0
8FBAC703-BEBD-4653-85A4-04A73A7D422F#appfire#SalesDataService#appfire#com.app.server.service.SalesDataService#appfire#{"resourceMapping":"/SalesData","defaultMethodType":"","defaultContentType":""}#appfire#{"repository":{"fileName":"SalesDataService.java","filePath":"salesdemoapp/src/main/java/com/app/server/service/SalesDataService.java"},"implementInterface":[],"extendsClass":[],"repositories":[{"repository":{"fileName":"SalesDataRepositoryImpl.java","filePath":"salesdemoapp/src/main/java/com/app/server/repository/SalesDataRepositoryImpl.java"},"implementInterface":[{"fileName":"SalesDataRepository.java","filePath":"salesdemoapp/src/main/java/com/app/server/repository/SalesDataRepository.java"}],"extendsClass":[{"fileName":"SearchInterfaceImpl.java","filePath":"salesdemoapp/src/main/java/com/app/server/repository/SearchInterfaceImpl.java","isDisplay":false}],"entities":{"fileName":"SalesData.java","filePath":"salesdemoapp/src/main/java/com/app/shared/sales/SalesData.java"}}]}#appfire#I#appfire#SELRWFCB5UHGGEPHHAYZA#appfire#ba9dced8-453e-49a3-b627-d497a1f91b17#appfire#1#appfire#\N#appfire#2016-01-06 06:21:58#appfire#\N#appfire#2016-01-07 06:11:49#appfire#5#appfire#1#appfire#88013C72-E019-4D01-B5F7-F0E8A054B715
989A8433-089A-4F83-BF78-E2AB5DE5BF95#appfire#RetailerService#appfire#com.app.server.service.RetailerService#appfire#{"resourceMapping":"/Retailer","defaultMethodType":"","defaultContentType":""}#appfire#{"repository":{"fileName":"RetailerService.java","filePath":"salesdemoapp/src/main/java/com/app/server/service/RetailerService.java"},"implementInterface":[],"extendsClass":[],"repositories":[{"repository":{"fileName":"RetailerRepositoryImpl.java","filePath":"salesdemoapp/src/main/java/com/app/server/repository/RetailerRepositoryImpl.java"},"implementInterface":[{"fileName":"RetailerRepository.java","filePath":"salesdemoapp/src/main/java/com/app/server/repository/RetailerRepository.java"}],"extendsClass":[{"fileName":"SearchInterfaceImpl.java","filePath":"salesdemoapp/src/main/java/com/app/server/repository/SearchInterfaceImpl.java","isDisplay":false}],"entities":{"fileName":"Retailer.java","filePath":"salesdemoapp/src/main/java/com/app/shared/sales/Retailer.java"}}]}#appfire#I#appfire#SELRWFCB5UHGGEPHHAYZA#appfire#ba9dced8-453e-49a3-b627-d497a1f91b17#appfire#1#appfire#\N#appfire#2016-01-06 06:21:58#appfire#\N#appfire#2016-01-07 06:11:48#appfire#5#appfire#1#appfire#E8D0BAE8-C7B9-46F1-BF31-9B61D0AF408F
9CCF05E3-BC62-4E2E-9F63-8F2372AEB103#appfire#CommunicationTypeService#appfire#com.app.server.service.CommunicationTypeService#appfire#{"resourceMapping":"/CommunicationType","defaultMethodType":"","defaultContentType":""}#appfire#{"repository":{"fileName":"CommunicationTypeService.java","filePath":"salesdemoapp/src/main/java/com/app/server/service/CommunicationTypeService.java"},"implementInterface":[],"extendsClass":[],"repositories":[{"repository":{"fileName":"CommunicationTypeRepositoryImpl.java","filePath":"salesdemoapp/src/main/java/com/app/server/repository/CommunicationTypeRepositoryImpl.java"},"implementInterface":[{"fileName":"CommunicationTypeRepository.java","filePath":"salesdemoapp/src/main/java/com/app/server/repository/CommunicationTypeRepository.java"}],"extendsClass":[{"fileName":"SearchInterfaceImpl.java","filePath":"salesdemoapp/src/main/java/com/app/server/repository/SearchInterfaceImpl.java","isDisplay":false}],"entities":{"fileName":"CommunicationType.java","filePath":"salesdemoapp/src/main/java/com/app/shared/contacts/CommunicationType.java"}}]}#appfire#I#appfire#SELRWFCB5UHGGEPHHAYZA#appfire#ba9dced8-453e-49a3-b627-d497a1f91b17#appfire#1#appfire#\N#appfire#2016-01-06 06:21:43#appfire#\N#appfire#2016-01-06 06:21:43#appfire#1#appfire#1#appfire#2AF33935-5A88-407F-A14F-6B09887A5DA7
9D622475-34FA-4722-9668-1228F5A62626#appfire#AppCustomerCategoryService#appfire#com.app.server.service.AppCustomerCategoryService#appfire#{"resourceMapping":"/AppCustomerCategory","defaultMethodType":"","defaultContentType":""}#appfire#{"repository":{"fileName":"AppCustomerCategoryService.java","filePath":"salesdemoapp/src/main/java/com/app/server/service/AppCustomerCategoryService.java"},"implementInterface":[],"extendsClass":[],"repositories":[{"repository":{"fileName":"AppCustomerCategoryRepositoryImpl.java","filePath":"salesdemoapp/src/main/java/com/app/server/repository/AppCustomerCategoryRepositoryImpl.java"},"implementInterface":[{"fileName":"AppCustomerCategoryRepository.java","filePath":"salesdemoapp/src/main/java/com/app/server/repository/AppCustomerCategoryRepository.java"}],"extendsClass":[{"fileName":"SearchInterfaceImpl.java","filePath":"salesdemoapp/src/main/java/com/app/server/repository/SearchInterfaceImpl.java","isDisplay":false}],"entities":{"fileName":"AppCustomerCategory.java","filePath":"salesdemoapp/src/main/java/com/app/shared/customers/AppCustomerCategory.java"}}]}#appfire#I#appfire#SELRWFCB5UHGGEPHHAYZA#appfire#ba9dced8-453e-49a3-b627-d497a1f91b17#appfire#1#appfire#\N#appfire#2016-01-06 06:21:54#appfire#\N#appfire#2016-01-06 06:21:54#appfire#1#appfire#1#appfire#06AE3E5A-D5DE-4F97-A3F8-A184D5EEB4F2
A061EDF5-C99B-423F-B955-15198D09C363#appfire#RolesService#appfire#com.app.server.service.RolesService#appfire#{"resourceMapping":"/Roles","defaultMethodType":"","defaultContentType":""}#appfire#{"repository":{"fileName":"RolesService.java","filePath":"salesdemoapp/src/main/java/com/app/server/service/RolesService.java"},"implementInterface":[],"extendsClass":[],"repositories":[{"repository":{"fileName":"RolesRepositoryImpl.java","filePath":"salesdemoapp/src/main/java/com/app/server/repository/RolesRepositoryImpl.java"},"implementInterface":[{"fileName":"RolesRepository.java","filePath":"salesdemoapp/src/main/java/com/app/server/repository/RolesRepository.java"}],"extendsClass":[{"fileName":"SearchInterfaceImpl.java","filePath":"salesdemoapp/src/main/java/com/app/server/repository/SearchInterfaceImpl.java","isDisplay":false}],"entities":{"fileName":"Roles.java","filePath":"salesdemoapp/src/main/java/com/app/shared/authorization/Roles.java"}}]}#appfire#I#appfire#SELRWFCB5UHGGEPHHAYZA#appfire#ba9dced8-453e-49a3-b627-d497a1f91b17#appfire#1#appfire#\N#appfire#2016-01-06 06:21:52#appfire#\N#appfire#2016-01-06 06:21:52#appfire#1#appfire#1#appfire#B4E4F4C1-6778-44EB-ADBB-C5484238A571
A64B870A-2BE2-45EE-910F-F5E6671E84CC#appfire#DistributorService#appfire#com.app.server.service.DistributorService#appfire#{"resourceMapping":"/Distributor","defaultMethodType":"","defaultContentType":""}#appfire#{"repository":{"fileName":"DistributorService.java","filePath":"salesdemoapp/src/main/java/com/app/server/service/DistributorService.java"},"implementInterface":[],"extendsClass":[],"repositories":[{"repository":{"fileName":"DistributorRepositoryImpl.java","filePath":"salesdemoapp/src/main/java/com/app/server/repository/DistributorRepositoryImpl.java"},"implementInterface":[{"fileName":"DistributorRepository.java","filePath":"salesdemoapp/src/main/java/com/app/server/repository/DistributorRepository.java"}],"extendsClass":[{"fileName":"SearchInterfaceImpl.java","filePath":"salesdemoapp/src/main/java/com/app/server/repository/SearchInterfaceImpl.java","isDisplay":false}],"entities":{"fileName":"Distributor.java","filePath":"salesdemoapp/src/main/java/com/app/shared/sales/Distributor.java"}}]}#appfire#I#appfire#SELRWFCB5UHGGEPHHAYZA#appfire#ba9dced8-453e-49a3-b627-d497a1f91b17#appfire#1#appfire#\N#appfire#2016-01-06 06:21:57#appfire#\N#appfire#2016-01-07 06:11:48#appfire#5#appfire#1#appfire#6B702549-7898-4FE6-8E3A-32565F1C0D19
BAFA314B-2FEA-4BBD-8283-F16D097A9A02#appfire#ChannelService#appfire#com.app.server.service.ChannelService#appfire#{"resourceMapping":"/Channel","defaultMethodType":"","defaultContentType":""}#appfire#{"repository":{"fileName":"ChannelService.java","filePath":"salesdemoapp/src/main/java/com/app/server/service/ChannelService.java"},"implementInterface":[],"extendsClass":[],"repositories":[{"repository":{"fileName":"ChannelRepositoryImpl.java","filePath":"salesdemoapp/src/main/java/com/app/server/repository/ChannelRepositoryImpl.java"},"implementInterface":[{"fileName":"ChannelRepository.java","filePath":"salesdemoapp/src/main/java/com/app/server/repository/ChannelRepository.java"}],"extendsClass":[{"fileName":"SearchInterfaceImpl.java","filePath":"salesdemoapp/src/main/java/com/app/server/repository/SearchInterfaceImpl.java","isDisplay":false}],"entities":{"fileName":"Channel.java","filePath":"salesdemoapp/src/main/java/com/app/shared/sales/Channel.java"}}]}#appfire#I#appfire#SELRWFCB5UHGGEPHHAYZA#appfire#ba9dced8-453e-49a3-b627-d497a1f91b17#appfire#1#appfire#\N#appfire#2016-01-06 06:21:55#appfire#\N#appfire#2016-01-07 06:11:44#appfire#5#appfire#1#appfire#32AEDF07-A86B-4956-B856-097784052385
BE49D2B7-D610-42D9-8129-C0D1D1A8FADE#appfire#AddressTypeService#appfire#com.app.server.service.AddressTypeService#appfire#{"resourceMapping":"/AddressType","defaultMethodType":"","defaultContentType":""}#appfire#{"repository":{"fileName":"AddressTypeService.java","filePath":"salesdemoapp/src/main/java/com/app/server/service/AddressTypeService.java"},"implementInterface":[],"extendsClass":[],"repositories":[{"repository":{"fileName":"AddressTypeRepositoryImpl.java","filePath":"salesdemoapp/src/main/java/com/app/server/repository/AddressTypeRepositoryImpl.java"},"implementInterface":[{"fileName":"AddressTypeRepository.java","filePath":"salesdemoapp/src/main/java/com/app/server/repository/AddressTypeRepository.java"}],"extendsClass":[{"fileName":"SearchInterfaceImpl.java","filePath":"salesdemoapp/src/main/java/com/app/server/repository/SearchInterfaceImpl.java","isDisplay":false}],"entities":{"fileName":"AddressType.java","filePath":"salesdemoapp/src/main/java/com/app/shared/location/AddressType.java"}}]}#appfire#I#appfire#SELRWFCB5UHGGEPHHAYZA#appfire#ba9dced8-453e-49a3-b627-d497a1f91b17#appfire#1#appfire#\N#appfire#2016-01-06 06:21:40#appfire#\N#appfire#2016-01-06 06:21:40#appfire#1#appfire#1#appfire#A4F6EF0D-B3CB-43E4-9658-1CF20E7F6E3F
C24890F8-D447-4D60-AA57-2E03BF2FFF4A#appfire#AppMenusService#appfire#com.app.server.service.AppMenusService#appfire#{"resourceMapping":"/AppMenus","defaultMethodType":"","defaultContentType":""}#appfire#{"repository":{"fileName":"AppMenusService.java","filePath":"salesdemoapp/src/main/java/com/app/server/service/AppMenusService.java"},"implementInterface":[],"extendsClass":[],"repositories":[{"repository":{"fileName":"AppMenusRepositoryImpl.java","filePath":"salesdemoapp/src/main/java/com/app/server/repository/AppMenusRepositoryImpl.java"},"implementInterface":[{"fileName":"AppMenusRepository.java","filePath":"salesdemoapp/src/main/java/com/app/server/repository/AppMenusRepository.java"}],"extendsClass":[{"fileName":"SearchInterfaceImpl.java","filePath":"salesdemoapp/src/main/java/com/app/server/repository/SearchInterfaceImpl.java","isDisplay":false}],"entities":{"fileName":"AppMenus.java","filePath":"salesdemoapp/src/main/java/com/app/shared/authorization/AppMenus.java"}}]}#appfire#I#appfire#SELRWFCB5UHGGEPHHAYZA#appfire#ba9dced8-453e-49a3-b627-d497a1f91b17#appfire#1#appfire#\N#appfire#2016-01-06 06:21:52#appfire#\N#appfire#2016-01-06 06:21:52#appfire#1#appfire#1#appfire#5AAB1B89-D707-4030-8505-CED52B2756C2
C5243A22-3BD8-4119-A993-2A216C76DF4C#appfire#SalesRegionService#appfire#com.app.server.service.SalesRegionService#appfire#{"resourceMapping":"/SalesRegion","defaultMethodType":"","defaultContentType":""}#appfire#{"repository":{"fileName":"SalesRegionService.java","filePath":"salesdemoapp/src/main/java/com/app/server/service/SalesRegionService.java"},"implementInterface":[],"extendsClass":[],"repositories":[{"repository":{"fileName":"SalesRegionRepositoryImpl.java","filePath":"salesdemoapp/src/main/java/com/app/server/repository/SalesRegionRepositoryImpl.java"},"implementInterface":[{"fileName":"SalesRegionRepository.java","filePath":"salesdemoapp/src/main/java/com/app/server/repository/SalesRegionRepository.java"}],"extendsClass":[{"fileName":"SearchInterfaceImpl.java","filePath":"salesdemoapp/src/main/java/com/app/server/repository/SearchInterfaceImpl.java","isDisplay":false}],"entities":{"fileName":"SalesRegion.java","filePath":"salesdemoapp/src/main/java/com/app/shared/sales/SalesRegion.java"}}]}#appfire#I#appfire#SELRWFCB5UHGGEPHHAYZA#appfire#ba9dced8-453e-49a3-b627-d497a1f91b17#appfire#1#appfire#\N#appfire#2016-01-06 06:21:57#appfire#\N#appfire#2016-01-07 06:11:47#appfire#5#appfire#1#appfire#C3DD8946-3AEF-4240-915F-19BB4F0A802F
C773E267-4639-454D-843F-93D7EF263B20#appfire#DistrictService#appfire#com.app.server.service.DistrictService#appfire#{"resourceMapping":"/District","defaultMethodType":"","defaultContentType":""}#appfire#{"repository":{"fileName":"DistrictService.java","filePath":"salesdemoapp/src/main/java/com/app/server/service/DistrictService.java"},"implementInterface":[],"extendsClass":[],"repositories":[{"repository":{"fileName":"DistrictRepositoryImpl.java","filePath":"salesdemoapp/src/main/java/com/app/server/repository/DistrictRepositoryImpl.java"},"implementInterface":[{"fileName":"DistrictRepository.java","filePath":"salesdemoapp/src/main/java/com/app/server/repository/DistrictRepository.java"}],"extendsClass":[{"fileName":"SearchInterfaceImpl.java","filePath":"salesdemoapp/src/main/java/com/app/server/repository/SearchInterfaceImpl.java","isDisplay":false}],"entities":{"fileName":"District.java","filePath":"salesdemoapp/src/main/java/com/app/shared/location/District.java"}}]}#appfire#I#appfire#SELRWFCB5UHGGEPHHAYZA#appfire#ba9dced8-453e-49a3-b627-d497a1f91b17#appfire#1#appfire#\N#appfire#2016-01-06 06:21:38#appfire#\N#appfire#2016-01-06 06:21:38#appfire#1#appfire#1#appfire#6DF82128-8CC8-4651-AE7E-6290174AE6FA
CA667C39-8549-4CC9-85B7-2C164B5AA199#appfire#CurrencyService#appfire#com.app.server.service.CurrencyService#appfire#{"resourceMapping":"/Currency","defaultMethodType":"","defaultContentType":""}#appfire#{"repository":{"fileName":"CurrencyService.java","filePath":"salesdemoapp/src/main/java/com/app/server/service/CurrencyService.java"},"implementInterface":[],"extendsClass":[],"repositories":[{"repository":{"fileName":"CurrencyRepositoryImpl.java","filePath":"salesdemoapp/src/main/java/com/app/server/repository/CurrencyRepositoryImpl.java"},"implementInterface":[{"fileName":"CurrencyRepository.java","filePath":"salesdemoapp/src/main/java/com/app/server/repository/CurrencyRepository.java"}],"extendsClass":[{"fileName":"SearchInterfaceImpl.java","filePath":"salesdemoapp/src/main/java/com/app/server/repository/SearchInterfaceImpl.java","isDisplay":false}],"entities":{"fileName":"Currency.java","filePath":"salesdemoapp/src/main/java/com/app/shared/location/Currency.java"}}]}#appfire#I#appfire#SELRWFCB5UHGGEPHHAYZA#appfire#ba9dced8-453e-49a3-b627-d497a1f91b17#appfire#1#appfire#\N#appfire#2016-01-06 06:21:36#appfire#\N#appfire#2016-01-06 06:21:36#appfire#1#appfire#1#appfire#45B5BCF2-83D0-45AD-B2AA-819331D59474
CDFEA66B-3F51-4A56-8304-D13CDF07EBCC#appfire#AppCustomerService#appfire#com.app.server.service.AppCustomerService#appfire#{"resourceMapping":"/AppCustomer","defaultMethodType":"","defaultContentType":""}#appfire#{"repository":{"fileName":"AppCustomerService.java","filePath":"salesdemoapp/src/main/java/com/app/server/service/AppCustomerService.java"},"implementInterface":[],"extendsClass":[],"repositories":[{"repository":{"fileName":"AppCustomerRepositoryImpl.java","filePath":"salesdemoapp/src/main/java/com/app/server/repository/AppCustomerRepositoryImpl.java"},"implementInterface":[{"fileName":"AppCustomerRepository.java","filePath":"salesdemoapp/src/main/java/com/app/server/repository/AppCustomerRepository.java"}],"extendsClass":[{"fileName":"SearchInterfaceImpl.java","filePath":"salesdemoapp/src/main/java/com/app/server/repository/SearchInterfaceImpl.java","isDisplay":false}],"entities":{"fileName":"AppCustomer.java","filePath":"salesdemoapp/src/main/java/com/app/shared/customers/AppCustomer.java"}}]}#appfire#I#appfire#SELRWFCB5UHGGEPHHAYZA#appfire#ba9dced8-453e-49a3-b627-d497a1f91b17#appfire#1#appfire#\N#appfire#2016-01-06 06:21:54#appfire#\N#appfire#2016-01-06 06:21:54#appfire#1#appfire#1#appfire#A0DD8218-006D-4FC6-B3C5-B57D94741B03
D4E38BA2-7198-45AC-9CA1-0C5AD7CCE225#appfire#PasswordPolicyService#appfire#com.app.server.service.PasswordPolicyService#appfire#{"resourceMapping":"/PasswordPolicy","defaultMethodType":"","defaultContentType":""}#appfire#{"repository":{"fileName":"PasswordPolicyService.java","filePath":"salesdemoapp/src/main/java/com/app/server/service/PasswordPolicyService.java"},"implementInterface":[],"extendsClass":[],"repositories":[{"repository":{"fileName":"PasswordPolicyRepositoryImpl.java","filePath":"salesdemoapp/src/main/java/com/app/server/repository/PasswordPolicyRepositoryImpl.java"},"implementInterface":[{"fileName":"PasswordPolicyRepository.java","filePath":"salesdemoapp/src/main/java/com/app/server/repository/PasswordPolicyRepository.java"}],"extendsClass":[{"fileName":"SearchInterfaceImpl.java","filePath":"salesdemoapp/src/main/java/com/app/server/repository/SearchInterfaceImpl.java","isDisplay":false}],"entities":{"fileName":"PasswordPolicy.java","filePath":"salesdemoapp/src/main/java/com/app/shared/authentication/PasswordPolicy.java"}}]}#appfire#I#appfire#SELRWFCB5UHGGEPHHAYZA#appfire#ba9dced8-453e-49a3-b627-d497a1f91b17#appfire#1#appfire#\N#appfire#2016-01-06 06:21:46#appfire#\N#appfire#2016-01-06 06:21:46#appfire#1#appfire#1#appfire#BE0B9156-0821-4EFA-A1E3-48A0901DEEAB
D7AF46B0-A0F6-4D2B-A459-2C17489F84A2#appfire#UserAccessDomainService#appfire#com.app.server.service.UserAccessDomainService#appfire#{"resourceMapping":"/UserAccessDomain","defaultMethodType":"","defaultContentType":""}#appfire#{"repository":{"fileName":"UserAccessDomainService.java","filePath":"salesdemoapp/src/main/java/com/app/server/service/UserAccessDomainService.java"},"implementInterface":[],"extendsClass":[],"repositories":[{"repository":{"fileName":"UserAccessDomainRepositoryImpl.java","filePath":"salesdemoapp/src/main/java/com/app/server/repository/UserAccessDomainRepositoryImpl.java"},"implementInterface":[{"fileName":"UserAccessDomainRepository.java","filePath":"salesdemoapp/src/main/java/com/app/server/repository/UserAccessDomainRepository.java"}],"extendsClass":[{"fileName":"SearchInterfaceImpl.java","filePath":"salesdemoapp/src/main/java/com/app/server/repository/SearchInterfaceImpl.java","isDisplay":false}],"entities":{"fileName":"UserAccessDomain.java","filePath":"salesdemoapp/src/main/java/com/app/shared/authentication/UserAccessDomain.java"}}]}#appfire#I#appfire#SELRWFCB5UHGGEPHHAYZA#appfire#ba9dced8-453e-49a3-b627-d497a1f91b17#appfire#1#appfire#\N#appfire#2016-01-06 06:21:48#appfire#\N#appfire#2016-01-06 06:21:48#appfire#1#appfire#1#appfire#7FC6D05D-7E96-4907-8CA6-E798517FF4BB
DBD8CAB2-AFFC-4EE8-A243-8F6DDEA07AE0#appfire#CoreContactsService#appfire#com.app.server.service.CoreContactsService#appfire#{"resourceMapping":"/CoreContacts","defaultMethodType":"","defaultContentType":""}#appfire#{"repository":{"fileName":"CoreContactsService.java","filePath":"salesdemoapp/src/main/java/com/app/server/service/CoreContactsService.java"},"implementInterface":[],"extendsClass":[],"repositories":[{"repository":{"fileName":"CoreContactsRepositoryImpl.java","filePath":"salesdemoapp/src/main/java/com/app/server/repository/CoreContactsRepositoryImpl.java"},"implementInterface":[{"fileName":"CoreContactsRepository.java","filePath":"salesdemoapp/src/main/java/com/app/server/repository/CoreContactsRepository.java"}],"extendsClass":[{"fileName":"SearchInterfaceImpl.java","filePath":"salesdemoapp/src/main/java/com/app/server/repository/SearchInterfaceImpl.java","isDisplay":false}],"entities":{"fileName":"CoreContacts.java","filePath":"salesdemoapp/src/main/java/com/app/shared/contacts/CoreContacts.java"}}]}#appfire#I#appfire#SELRWFCB5UHGGEPHHAYZA#appfire#ba9dced8-453e-49a3-b627-d497a1f91b17#appfire#1#appfire#\N#appfire#2016-01-06 06:21:45#appfire#\N#appfire#2016-01-06 06:21:45#appfire#1#appfire#1#appfire#BCB7667B-F37A-40D6-84FF-799C00A74E95
DD095139-2B64-4294-A086-F2C1437FFB70#appfire#CountryService#appfire#com.app.server.service.CountryService#appfire#{"resourceMapping":"/Country","defaultMethodType":"","defaultContentType":""}#appfire#{"repository":{"fileName":"CountryService.java","filePath":"salesdemoapp/src/main/java/com/app/server/service/CountryService.java"},"implementInterface":[],"extendsClass":[],"repositories":[{"repository":{"fileName":"CountryRepositoryImpl.java","filePath":"salesdemoapp/src/main/java/com/app/server/repository/CountryRepositoryImpl.java"},"implementInterface":[{"fileName":"CountryRepository.java","filePath":"salesdemoapp/src/main/java/com/app/server/repository/CountryRepository.java"}],"extendsClass":[{"fileName":"SearchInterfaceImpl.java","filePath":"salesdemoapp/src/main/java/com/app/server/repository/SearchInterfaceImpl.java","isDisplay":false}],"entities":{"fileName":"Country.java","filePath":"salesdemoapp/src/main/java/com/app/shared/location/Country.java"}}]}#appfire#I#appfire#SELRWFCB5UHGGEPHHAYZA#appfire#ba9dced8-453e-49a3-b627-d497a1f91b17#appfire#1#appfire#\N#appfire#2016-01-06 06:21:35#appfire#\N#appfire#2016-01-06 06:21:35#appfire#1#appfire#1#appfire#9ADFC74E-9528-4D23-A6D0-62D74EECE627
E0EC96AC-C893-401A-948D-76E3743FC341#appfire#TitleService#appfire#com.app.server.service.TitleService#appfire#{"resourceMapping":"/Title","defaultMethodType":"","defaultContentType":""}#appfire#{"repository":{"fileName":"TitleService.java","filePath":"salesdemoapp/src/main/java/com/app/server/service/TitleService.java"},"implementInterface":[],"extendsClass":[],"repositories":[{"repository":{"fileName":"TitleRepositoryImpl.java","filePath":"salesdemoapp/src/main/java/com/app/server/repository/TitleRepositoryImpl.java"},"implementInterface":[{"fileName":"TitleRepository.java","filePath":"salesdemoapp/src/main/java/com/app/server/repository/TitleRepository.java"}],"extendsClass":[{"fileName":"SearchInterfaceImpl.java","filePath":"salesdemoapp/src/main/java/com/app/server/repository/SearchInterfaceImpl.java","isDisplay":false}],"entities":{"fileName":"Title.java","filePath":"salesdemoapp/src/main/java/com/app/shared/contacts/Title.java"}}]}#appfire#I#appfire#SELRWFCB5UHGGEPHHAYZA#appfire#ba9dced8-453e-49a3-b627-d497a1f91b17#appfire#1#appfire#\N#appfire#2016-01-06 06:21:44#appfire#\N#appfire#2016-01-06 06:21:44#appfire#1#appfire#1#appfire#1B6DFB34-F422-4110-ACB5-766023A78B99
E53F8335-8862-4B46-A35D-CCA0994BCD2D#appfire#RegionService#appfire#com.app.server.service.RegionService#appfire#{"resourceMapping":"/Region","defaultMethodType":"","defaultContentType":""}#appfire#{"repository":{"fileName":"RegionService.java","filePath":"salesdemoapp/src/main/java/com/app/server/service/RegionService.java"},"implementInterface":[],"extendsClass":[],"repositories":[{"repository":{"fileName":"RegionRepositoryImpl.java","filePath":"salesdemoapp/src/main/java/com/app/server/repository/RegionRepositoryImpl.java"},"implementInterface":[{"fileName":"RegionRepository.java","filePath":"salesdemoapp/src/main/java/com/app/server/repository/RegionRepository.java"}],"extendsClass":[{"fileName":"SearchInterfaceImpl.java","filePath":"salesdemoapp/src/main/java/com/app/server/repository/SearchInterfaceImpl.java","isDisplay":false}],"entities":{"fileName":"Region.java","filePath":"salesdemoapp/src/main/java/com/app/shared/location/Region.java"}}]}#appfire#I#appfire#SELRWFCB5UHGGEPHHAYZA#appfire#ba9dced8-453e-49a3-b627-d497a1f91b17#appfire#1#appfire#\N#appfire#2016-01-06 06:21:37#appfire#\N#appfire#2016-01-06 06:21:37#appfire#1#appfire#1#appfire#F78E2F88-2C1D-44D9-B5FD-C293F00C5625
E5F50AA2-D42E-47FC-8DB9-2A91DA4BC1BE#appfire#CityService#appfire#com.app.server.service.CityService#appfire#{"resourceMapping":"/City","defaultMethodType":"","defaultContentType":""}#appfire#{"repository":{"fileName":"CityService.java","filePath":"salesdemoapp/src/main/java/com/app/server/service/CityService.java"},"implementInterface":[],"extendsClass":[],"repositories":[{"repository":{"fileName":"CityRepositoryImpl.java","filePath":"salesdemoapp/src/main/java/com/app/server/repository/CityRepositoryImpl.java"},"implementInterface":[{"fileName":"CityRepository.java","filePath":"salesdemoapp/src/main/java/com/app/server/repository/CityRepository.java"}],"extendsClass":[{"fileName":"SearchInterfaceImpl.java","filePath":"salesdemoapp/src/main/java/com/app/server/repository/SearchInterfaceImpl.java","isDisplay":false}],"entities":{"fileName":"City.java","filePath":"salesdemoapp/src/main/java/com/app/shared/location/City.java"}}]}#appfire#I#appfire#SELRWFCB5UHGGEPHHAYZA#appfire#ba9dced8-453e-49a3-b627-d497a1f91b17#appfire#1#appfire#\N#appfire#2016-01-06 06:21:38#appfire#\N#appfire#2016-01-06 06:21:38#appfire#1#appfire#1#appfire#3F5ACC4E-4D9C-43BE-97D3-DB46ED925F92
